id,created_at,updated_at,parent_id,child_id,item_order
1,"2020-12-27 20:28:05","2020-12-27 20:28:05",3,1,0
2,"2020-12-27 20:28:05","2020-12-27 20:28:05",8,1,0
3,"2020-12-27 20:28:05","2020-12-27 20:28:05",12,1,0
4,"2020-12-27 20:28:05","2020-12-27 20:28:05",13,1,0
5,"2020-12-27 20:28:05","2020-12-27 20:28:05",14,1,0
6,"2020-12-27 20:28:05","2020-12-27 20:28:05",16,1,0
7,"2020-12-27 20:28:05","2020-12-27 20:28:05",17,1,0
8,"2020-12-27 20:28:05","2020-12-27 20:28:05",19,1,0
9,"2020-12-27 20:28:05","2020-12-27 20:28:05",20,1,0
10,"2020-12-27 20:28:05","2020-12-27 20:28:05",21,1,0
11,"2020-12-27 20:28:05","2020-12-27 20:28:05",22,1,0
12,"2020-12-27 20:28:05","2020-12-27 20:28:05",23,1,0
13,"2020-12-27 20:28:05","2020-12-27 20:28:05",24,1,0
14,"2020-12-27 20:28:05","2020-12-27 20:28:05",25,1,0
15,"2020-12-27 20:28:05","2020-12-27 20:28:05",26,1,0
16,"2020-12-27 20:28:05","2020-12-27 20:28:05",27,1,0
17,"2020-12-27 20:28:05","2020-12-27 20:28:05",28,1,0
18,"2020-12-27 20:28:05","2020-12-27 20:28:05",30,1,0
19,"2020-12-27 20:28:05","2020-12-27 20:28:05",31,1,0
20,"2020-12-27 20:28:05","2020-12-27 20:28:05",34,1,0
21,"2020-12-27 20:28:05","2020-12-27 20:28:05",36,1,0
22,"2020-12-27 20:28:05","2020-12-27 20:28:05",37,1,0
23,"2020-12-27 20:28:05","2020-12-27 20:28:05",38,1,0
24,"2020-12-27 20:28:05","2020-12-27 20:28:05",41,1,0
25,"2020-12-27 20:28:05","2020-12-27 20:28:05",43,1,0
26,"2020-12-27 20:28:05","2020-12-27 20:28:05",48,1,0
27,"2020-12-27 20:28:05","2020-12-27 20:28:05",52,1,0
28,"2020-12-27 20:28:05","2020-12-27 20:28:05",53,1,0
29,"2020-12-27 20:28:05","2020-12-27 20:28:05",54,1,0
30,"2020-12-27 20:28:05","2020-12-27 20:28:05",57,1,0
31,"2020-12-27 20:28:05","2020-12-27 20:28:05",59,1,0
32,"2020-12-27 20:28:05","2020-12-27 20:28:05",60,1,0
33,"2020-12-27 20:28:05","2020-12-27 20:28:05",61,1,0
34,"2020-12-27 20:28:05","2020-12-27 20:28:05",64,1,0
35,"2020-12-27 20:28:05","2020-12-27 20:28:05",68,1,0
36,"2020-12-27 20:28:05","2020-12-27 20:28:05",69,1,0
37,"2020-12-27 20:28:05","2020-12-27 20:28:05",71,1,0
38,"2020-12-27 20:28:05","2020-12-27 20:28:05",72,1,0
39,"2020-12-27 20:28:05","2020-12-27 20:28:05",73,1,0
40,"2020-12-27 20:28:05","2020-12-27 20:28:05",74,1,0
41,"2020-12-27 20:28:05","2020-12-27 20:28:05",75,1,0
42,"2020-12-27 20:28:05","2020-12-27 20:28:05",76,1,0
43,"2020-12-27 20:28:05","2020-12-27 20:28:05",77,1,0
44,"2020-12-27 20:28:05","2020-12-27 20:28:05",78,1,0
45,"2020-12-27 20:28:05","2020-12-27 20:28:05",79,1,0
46,"2020-12-27 20:28:05","2020-12-27 20:28:05",81,1,0
47,"2020-12-27 20:28:05","2020-12-27 20:28:05",82,1,0
48,"2020-12-27 20:28:05","2020-12-27 20:28:05",83,1,0
49,"2020-12-27 20:28:05","2020-12-27 20:28:05",88,1,0
50,"2020-12-27 20:28:05","2020-12-27 20:28:05",90,1,0
51,"2020-12-27 20:28:05","2020-12-27 20:28:05",91,1,0
52,"2020-12-27 20:28:05","2020-12-27 20:28:05",92,1,0
53,"2020-12-27 20:28:05","2020-12-27 20:28:05",93,1,0
54,"2020-12-27 20:28:05","2020-12-27 20:28:05",97,1,0
55,"2020-12-27 20:28:05","2020-12-27 20:28:05",102,1,0
56,"2020-12-27 20:28:05","2020-12-27 20:28:05",106,1,0
57,"2020-12-27 20:28:05","2020-12-27 20:28:05",107,1,0
58,"2020-12-27 20:28:05","2020-12-27 20:28:05",109,1,0
59,"2020-12-27 20:28:05","2020-12-27 20:28:05",112,1,0
60,"2020-12-27 20:28:05","2020-12-27 20:28:05",114,1,0
61,"2020-12-27 20:28:05","2020-12-27 20:28:05",150,1,0
62,"2020-12-27 20:28:05","2020-12-27 20:28:05",153,1,0
63,"2020-12-27 20:28:05","2020-12-27 20:28:05",156,1,0
64,"2020-12-27 20:28:05","2020-12-27 20:28:05",176,1,0
65,"2020-12-27 20:28:05","2020-12-27 20:28:05",177,1,0
66,"2020-12-27 20:28:05","2020-12-27 20:28:05",187,1,0
67,"2020-12-27 20:28:05","2020-12-27 20:28:05",188,1,0
68,"2020-12-27 20:28:05","2020-12-27 20:28:05",189,1,0
69,"2020-12-27 20:28:05","2020-12-27 20:28:05",198,1,0
70,"2020-12-27 20:28:05","2020-12-27 20:28:05",199,1,0
71,"2020-12-27 20:28:05","2020-12-27 20:28:05",204,1,0
72,"2020-12-27 20:28:05","2020-12-27 20:28:05",205,1,0
73,"2020-12-27 20:28:05","2020-12-27 20:28:05",206,1,0
74,"2020-12-27 20:28:05","2020-12-27 20:28:05",207,1,0
75,"2020-12-27 20:28:05","2020-12-27 20:28:05",208,1,0
76,"2020-12-27 20:28:05","2020-12-27 20:28:05",217,1,0
77,"2020-12-27 20:28:05","2020-12-27 20:28:05",219,1,0
78,"2020-12-27 20:28:05","2020-12-27 20:28:05",221,1,0
79,"2020-12-27 20:28:05","2020-12-27 20:28:05",223,1,0
80,"2020-12-27 20:28:05","2020-12-27 20:28:05",229,1,0
81,"2020-12-27 20:28:05","2020-12-27 20:28:05",231,1,0
82,"2020-12-27 20:28:05","2020-12-27 20:28:05",232,1,0
83,"2020-12-27 20:28:05","2020-12-27 20:28:05",233,1,0
84,"2020-12-27 20:28:05","2020-12-27 20:28:05",235,1,0
85,"2020-12-27 20:28:05","2020-12-27 20:28:05",236,1,0
86,"2020-12-27 20:28:05","2020-12-27 20:28:05",237,1,0
87,"2020-12-27 20:28:05","2020-12-27 20:28:05",19,2,0
88,"2020-12-27 20:28:05","2020-12-27 20:28:05",34,2,0
89,"2020-12-27 20:28:05","2020-12-27 20:28:05",43,2,0
90,"2020-12-27 20:28:05","2020-12-27 20:28:05",47,2,0
91,"2020-12-27 20:28:05","2020-12-27 20:28:05",54,2,0
92,"2020-12-27 20:28:05","2020-12-27 20:28:05",55,2,0
93,"2020-12-27 20:28:05","2020-12-27 20:28:05",74,2,0
94,"2020-12-27 20:28:05","2020-12-27 20:28:05",75,2,0
95,"2020-12-27 20:28:05","2020-12-27 20:28:05",81,2,0
96,"2020-12-27 20:28:05","2020-12-27 20:28:05",82,2,0
97,"2020-12-27 20:28:05","2020-12-27 20:28:05",196,2,0
98,"2020-12-27 20:28:05","2020-12-27 20:28:05",206,2,0
99,"2020-12-27 20:28:05","2020-12-27 20:28:05",207,2,0
100,"2020-12-27 20:28:05","2020-12-27 20:28:05",225,2,0
101,"2020-12-27 20:28:05","2020-12-27 20:28:05",269,2,0
102,"2020-12-27 20:28:05","2020-12-27 20:28:05",156,3,0
103,"2020-12-27 20:28:05","2020-12-27 20:28:05",182,3,0
104,"2020-12-27 20:28:05","2020-12-27 20:28:05",187,3,0
105,"2020-12-27 20:28:06","2020-12-27 20:28:06",34,4,0
106,"2020-12-27 20:28:06","2020-12-27 20:28:06",107,5,0
107,"2020-12-27 20:28:06","2020-12-27 20:28:06",156,6,0
108,"2020-12-27 20:28:06","2020-12-27 20:28:06",189,7,0
109,"2020-12-27 20:28:06","2020-12-27 20:28:06",52,8,0
110,"2020-12-27 20:28:06","2020-12-27 20:28:06",59,8,0
111,"2020-12-27 20:28:06","2020-12-27 20:28:06",69,8,0
112,"2020-12-27 20:28:06","2020-12-27 20:28:06",71,8,0
113,"2020-12-27 20:28:06","2020-12-27 20:28:06",133,8,0
114,"2020-12-27 20:28:06","2020-12-27 20:28:06",134,8,0
115,"2020-12-27 20:28:06","2020-12-27 20:28:06",138,8,0
116,"2020-12-27 20:28:06","2020-12-27 20:28:06",139,8,0
117,"2020-12-27 20:28:06","2020-12-27 20:28:06",140,8,0
118,"2020-12-27 20:28:06","2020-12-27 20:28:06",12,9,0
119,"2020-12-27 20:28:06","2020-12-27 20:28:06",13,9,0
120,"2020-12-27 20:28:06","2020-12-27 20:28:06",14,9,0
121,"2020-12-27 20:28:06","2020-12-27 20:28:06",16,9,0
122,"2020-12-27 20:28:06","2020-12-27 20:28:06",17,9,0
123,"2020-12-27 20:28:06","2020-12-27 20:28:06",18,9,0
124,"2020-12-27 20:28:06","2020-12-27 20:28:06",19,9,0
125,"2020-12-27 20:28:06","2020-12-27 20:28:06",21,9,0
126,"2020-12-27 20:28:06","2020-12-27 20:28:06",22,9,0
127,"2020-12-27 20:28:06","2020-12-27 20:28:06",23,9,0
128,"2020-12-27 20:28:06","2020-12-27 20:28:06",26,9,0
129,"2020-12-27 20:28:06","2020-12-27 20:28:06",27,9,0
130,"2020-12-27 20:28:06","2020-12-27 20:28:06",28,9,0
131,"2020-12-27 20:28:06","2020-12-27 20:28:06",31,9,0
132,"2020-12-27 20:28:06","2020-12-27 20:28:06",37,9,0
133,"2020-12-27 20:28:06","2020-12-27 20:28:06",41,9,0
134,"2020-12-27 20:28:06","2020-12-27 20:28:06",43,9,0
135,"2020-12-27 20:28:06","2020-12-27 20:28:06",47,9,0
136,"2020-12-27 20:28:06","2020-12-27 20:28:06",48,9,0
137,"2020-12-27 20:28:06","2020-12-27 20:28:06",52,9,0
138,"2020-12-27 20:28:06","2020-12-27 20:28:06",54,9,0
139,"2020-12-27 20:28:06","2020-12-27 20:28:06",59,9,0
140,"2020-12-27 20:28:06","2020-12-27 20:28:06",69,9,0
141,"2020-12-27 20:28:06","2020-12-27 20:28:06",70,9,0
142,"2020-12-27 20:28:06","2020-12-27 20:28:06",71,9,0
143,"2020-12-27 20:28:06","2020-12-27 20:28:06",73,9,0
144,"2020-12-27 20:28:06","2020-12-27 20:28:06",74,9,0
145,"2020-12-27 20:28:06","2020-12-27 20:28:06",75,9,0
146,"2020-12-27 20:28:06","2020-12-27 20:28:06",76,9,0
147,"2020-12-27 20:28:06","2020-12-27 20:28:06",81,9,0
148,"2020-12-27 20:28:06","2020-12-27 20:28:06",82,9,0
149,"2020-12-27 20:28:06","2020-12-27 20:28:06",84,9,0
150,"2020-12-27 20:28:06","2020-12-27 20:28:06",85,9,0
151,"2020-12-27 20:28:06","2020-12-27 20:28:06",90,9,0
152,"2020-12-27 20:28:06","2020-12-27 20:28:06",91,9,0
153,"2020-12-27 20:28:06","2020-12-27 20:28:06",92,9,0
154,"2020-12-27 20:28:06","2020-12-27 20:28:06",97,9,0
155,"2020-12-27 20:28:06","2020-12-27 20:28:06",102,9,0
156,"2020-12-27 20:28:06","2020-12-27 20:28:06",107,9,0
157,"2020-12-27 20:28:06","2020-12-27 20:28:06",109,9,0
158,"2020-12-27 20:28:06","2020-12-27 20:28:06",114,9,0
159,"2020-12-27 20:28:06","2020-12-27 20:28:06",116,9,0
160,"2020-12-27 20:28:06","2020-12-27 20:28:06",118,9,0
161,"2020-12-27 20:28:06","2020-12-27 20:28:06",120,9,0
162,"2020-12-27 20:28:06","2020-12-27 20:28:06",133,9,0
163,"2020-12-27 20:28:06","2020-12-27 20:28:06",135,9,0
164,"2020-12-27 20:28:06","2020-12-27 20:28:06",138,9,0
165,"2020-12-27 20:28:06","2020-12-27 20:28:06",139,9,0
166,"2020-12-27 20:28:06","2020-12-27 20:28:06",141,9,0
167,"2020-12-27 20:28:06","2020-12-27 20:28:06",176,9,0
168,"2020-12-27 20:28:06","2020-12-27 20:28:06",177,9,0
169,"2020-12-27 20:28:06","2020-12-27 20:28:06",196,9,0
170,"2020-12-27 20:28:06","2020-12-27 20:28:06",199,9,0
171,"2020-12-27 20:28:06","2020-12-27 20:28:06",114,10,0
172,"2020-12-27 20:28:06","2020-12-27 20:28:06",12,11,0
173,"2020-12-27 20:28:06","2020-12-27 20:28:06",13,11,0
174,"2020-12-27 20:28:06","2020-12-27 20:28:06",14,11,0
175,"2020-12-27 20:28:06","2020-12-27 20:28:06",16,11,0
176,"2020-12-27 20:28:06","2020-12-27 20:28:06",17,11,0
177,"2020-12-27 20:28:06","2020-12-27 20:28:06",19,11,0
178,"2020-12-27 20:28:06","2020-12-27 20:28:06",22,11,0
179,"2020-12-27 20:28:06","2020-12-27 20:28:06",23,11,0
180,"2020-12-27 20:28:06","2020-12-27 20:28:06",25,11,0
181,"2020-12-27 20:28:06","2020-12-27 20:28:06",26,11,0
182,"2020-12-27 20:28:06","2020-12-27 20:28:06",27,11,0
183,"2020-12-27 20:28:06","2020-12-27 20:28:06",30,11,0
184,"2020-12-27 20:28:06","2020-12-27 20:28:06",31,11,0
185,"2020-12-27 20:28:06","2020-12-27 20:28:06",32,11,0
186,"2020-12-27 20:28:06","2020-12-27 20:28:06",33,11,0
187,"2020-12-27 20:28:06","2020-12-27 20:28:06",37,11,0
188,"2020-12-27 20:28:06","2020-12-27 20:28:06",43,11,0
189,"2020-12-27 20:28:06","2020-12-27 20:28:06",44,11,0
190,"2020-12-27 20:28:06","2020-12-27 20:28:06",45,11,0
191,"2020-12-27 20:28:06","2020-12-27 20:28:06",48,11,0
192,"2020-12-27 20:28:06","2020-12-27 20:28:06",49,11,0
193,"2020-12-27 20:28:06","2020-12-27 20:28:06",50,11,0
194,"2020-12-27 20:28:06","2020-12-27 20:28:06",52,11,0
195,"2020-12-27 20:28:06","2020-12-27 20:28:06",53,11,0
196,"2020-12-27 20:28:06","2020-12-27 20:28:06",54,11,0
197,"2020-12-27 20:28:06","2020-12-27 20:28:06",55,11,0
198,"2020-12-27 20:28:06","2020-12-27 20:28:06",57,11,0
199,"2020-12-27 20:28:06","2020-12-27 20:28:06",59,11,0
200,"2020-12-27 20:28:06","2020-12-27 20:28:06",68,11,0
201,"2020-12-27 20:28:06","2020-12-27 20:28:06",69,11,0
202,"2020-12-27 20:28:06","2020-12-27 20:28:06",71,11,0
203,"2020-12-27 20:28:06","2020-12-27 20:28:06",72,11,0
204,"2020-12-27 20:28:06","2020-12-27 20:28:06",73,11,0
205,"2020-12-27 20:28:06","2020-12-27 20:28:06",74,11,0
206,"2020-12-27 20:28:06","2020-12-27 20:28:06",75,11,0
207,"2020-12-27 20:28:06","2020-12-27 20:28:06",76,11,0
208,"2020-12-27 20:28:06","2020-12-27 20:28:06",78,11,0
209,"2020-12-27 20:28:06","2020-12-27 20:28:06",81,11,0
210,"2020-12-27 20:28:06","2020-12-27 20:28:06",82,11,0
211,"2020-12-27 20:28:06","2020-12-27 20:28:06",84,11,0
212,"2020-12-27 20:28:06","2020-12-27 20:28:06",85,11,0
213,"2020-12-27 20:28:06","2020-12-27 20:28:06",88,11,0
214,"2020-12-27 20:28:06","2020-12-27 20:28:06",90,11,0
215,"2020-12-27 20:28:06","2020-12-27 20:28:06",91,11,0
216,"2020-12-27 20:28:06","2020-12-27 20:28:06",92,11,0
217,"2020-12-27 20:28:06","2020-12-27 20:28:06",94,11,0
218,"2020-12-27 20:28:06","2020-12-27 20:28:06",97,11,0
219,"2020-12-27 20:28:06","2020-12-27 20:28:06",102,11,0
220,"2020-12-27 20:28:06","2020-12-27 20:28:06",107,11,0
221,"2020-12-27 20:28:07","2020-12-27 20:28:07",117,11,0
222,"2020-12-27 20:28:07","2020-12-27 20:28:07",123,11,0
223,"2020-12-27 20:28:07","2020-12-27 20:28:07",150,11,0
224,"2020-12-27 20:28:07","2020-12-27 20:28:07",153,11,0
225,"2020-12-27 20:28:07","2020-12-27 20:28:07",154,11,0
226,"2020-12-27 20:28:07","2020-12-27 20:28:07",175,11,0
227,"2020-12-27 20:28:07","2020-12-27 20:28:07",176,11,0
228,"2020-12-27 20:28:07","2020-12-27 20:28:07",177,11,0
229,"2020-12-27 20:28:07","2020-12-27 20:28:07",187,11,0
230,"2020-12-27 20:28:07","2020-12-27 20:28:07",189,11,0
231,"2020-12-27 20:28:07","2020-12-27 20:28:07",196,11,0
232,"2020-12-27 20:28:07","2020-12-27 20:28:07",198,11,0
233,"2020-12-27 20:28:07","2020-12-27 20:28:07",199,11,0
234,"2020-12-27 20:28:07","2020-12-27 20:28:07",205,11,0
235,"2020-12-27 20:28:07","2020-12-27 20:28:07",206,11,0
236,"2020-12-27 20:28:07","2020-12-27 20:28:07",207,11,0
237,"2020-12-27 20:28:07","2020-12-27 20:28:07",208,11,0
238,"2020-12-27 20:28:07","2020-12-27 20:28:07",219,11,0
239,"2020-12-27 20:28:07","2020-12-27 20:28:07",221,11,0
240,"2020-12-27 20:28:07","2020-12-27 20:28:07",235,11,0
241,"2020-12-27 20:28:07","2020-12-27 20:28:07",236,11,0
242,"2020-12-27 20:28:07","2020-12-27 20:28:07",269,11,0
243,"2020-12-27 20:28:07","2020-12-27 20:28:07",3,12,0
244,"2020-12-27 20:28:07","2020-12-27 20:28:07",6,12,0
245,"2020-12-27 20:28:07","2020-12-27 20:28:07",8,12,0
246,"2020-12-27 20:28:07","2020-12-27 20:28:07",74,12,0
247,"2020-12-27 20:28:07","2020-12-27 20:28:07",82,12,0
248,"2020-12-27 20:28:07","2020-12-27 20:28:07",207,12,0
249,"2020-12-27 20:28:07","2020-12-27 20:28:07",13,13,0
250,"2020-12-27 20:28:07","2020-12-27 20:28:07",16,13,0
251,"2020-12-27 20:28:07","2020-12-27 20:28:07",17,13,0
252,"2020-12-27 20:28:07","2020-12-27 20:28:07",31,13,0
253,"2020-12-27 20:28:07","2020-12-27 20:28:07",43,13,0
254,"2020-12-27 20:28:07","2020-12-27 20:28:07",47,13,0
255,"2020-12-27 20:28:07","2020-12-27 20:28:07",54,13,0
256,"2020-12-27 20:28:07","2020-12-27 20:28:07",59,13,0
257,"2020-12-27 20:28:07","2020-12-27 20:28:07",64,13,0
258,"2020-12-27 20:28:07","2020-12-27 20:28:07",73,13,0
259,"2020-12-27 20:28:07","2020-12-27 20:28:07",75,13,0
260,"2020-12-27 20:28:07","2020-12-27 20:28:07",91,13,0
261,"2020-12-27 20:28:07","2020-12-27 20:28:07",123,13,0
262,"2020-12-27 20:28:07","2020-12-27 20:28:07",206,13,0
263,"2020-12-27 20:28:07","2020-12-27 20:28:07",207,13,0
264,"2020-12-27 20:28:07","2020-12-27 20:28:07",13,14,0
265,"2020-12-27 20:28:07","2020-12-27 20:28:07",14,14,0
266,"2020-12-27 20:28:07","2020-12-27 20:28:07",16,14,0
267,"2020-12-27 20:28:07","2020-12-27 20:28:07",17,14,0
268,"2020-12-27 20:28:07","2020-12-27 20:28:07",21,14,0
269,"2020-12-27 20:28:07","2020-12-27 20:28:07",30,14,0
270,"2020-12-27 20:28:07","2020-12-27 20:28:07",37,14,0
271,"2020-12-27 20:28:07","2020-12-27 20:28:07",41,14,0
272,"2020-12-27 20:28:07","2020-12-27 20:28:07",45,14,0
273,"2020-12-27 20:28:07","2020-12-27 20:28:07",47,14,0
274,"2020-12-27 20:28:07","2020-12-27 20:28:07",72,14,0
275,"2020-12-27 20:28:07","2020-12-27 20:28:07",74,14,0
276,"2020-12-27 20:28:07","2020-12-27 20:28:07",84,14,0
277,"2020-12-27 20:28:07","2020-12-27 20:28:07",90,14,0
278,"2020-12-27 20:28:07","2020-12-27 20:28:07",97,14,0
279,"2020-12-27 20:28:07","2020-12-27 20:28:07",107,14,0
280,"2020-12-27 20:28:07","2020-12-27 20:28:07",150,14,0
281,"2020-12-27 20:28:07","2020-12-27 20:28:07",153,14,0
282,"2020-12-27 20:28:07","2020-12-27 20:28:07",154,14,0
283,"2020-12-27 20:28:07","2020-12-27 20:28:07",196,14,0
284,"2020-12-27 20:28:07","2020-12-27 20:28:07",207,14,0
285,"2020-12-27 20:28:07","2020-12-27 20:28:07",216,14,0
286,"2020-12-27 20:28:07","2020-12-27 20:28:07",14,15,0
287,"2020-12-27 20:28:07","2020-12-27 20:28:07",16,15,0
288,"2020-12-27 20:28:07","2020-12-27 20:28:07",17,15,0
289,"2020-12-27 20:28:07","2020-12-27 20:28:07",31,15,0
290,"2020-12-27 20:28:07","2020-12-27 20:28:07",47,15,0
291,"2020-12-27 20:28:07","2020-12-27 20:28:07",75,15,0
292,"2020-12-27 20:28:07","2020-12-27 20:28:07",81,15,0
293,"2020-12-27 20:28:07","2020-12-27 20:28:07",198,15,0
294,"2020-12-27 20:28:07","2020-12-27 20:28:07",206,15,0
295,"2020-12-27 20:28:07","2020-12-27 20:28:07",207,15,0
296,"2020-12-27 20:28:07","2020-12-27 20:28:07",208,15,0
297,"2020-12-27 20:28:07","2020-12-27 20:28:07",216,15,0
298,"2020-12-27 20:28:07","2020-12-27 20:28:07",4,16,0
299,"2020-12-27 20:28:07","2020-12-27 20:28:07",8,16,0
300,"2020-12-27 20:28:07","2020-12-27 20:28:07",12,16,0
301,"2020-12-27 20:28:07","2020-12-27 20:28:07",13,16,0
302,"2020-12-27 20:28:07","2020-12-27 20:28:07",14,16,0
303,"2020-12-27 20:28:07","2020-12-27 20:28:07",15,16,0
304,"2020-12-27 20:28:07","2020-12-27 20:28:07",16,16,0
305,"2020-12-27 20:28:07","2020-12-27 20:28:07",17,16,0
306,"2020-12-27 20:28:07","2020-12-27 20:28:07",19,16,0
307,"2020-12-27 20:28:07","2020-12-27 20:28:07",20,16,0
308,"2020-12-27 20:28:07","2020-12-27 20:28:07",22,16,0
309,"2020-12-27 20:28:07","2020-12-27 20:28:07",23,16,0
310,"2020-12-27 20:28:07","2020-12-27 20:28:07",24,16,0
311,"2020-12-27 20:28:07","2020-12-27 20:28:07",25,16,0
312,"2020-12-27 20:28:07","2020-12-27 20:28:07",26,16,0
313,"2020-12-27 20:28:07","2020-12-27 20:28:07",27,16,0
314,"2020-12-27 20:28:07","2020-12-27 20:28:07",31,16,0
315,"2020-12-27 20:28:07","2020-12-27 20:28:07",41,16,0
316,"2020-12-27 20:28:07","2020-12-27 20:28:07",43,16,0
317,"2020-12-27 20:28:07","2020-12-27 20:28:07",46,16,0
318,"2020-12-27 20:28:07","2020-12-27 20:28:07",48,16,0
319,"2020-12-27 20:28:07","2020-12-27 20:28:07",52,16,0
320,"2020-12-27 20:28:07","2020-12-27 20:28:07",53,16,0
321,"2020-12-27 20:28:07","2020-12-27 20:28:07",54,16,0
322,"2020-12-27 20:28:07","2020-12-27 20:28:07",57,16,0
323,"2020-12-27 20:28:07","2020-12-27 20:28:07",59,16,0
324,"2020-12-27 20:28:07","2020-12-27 20:28:07",60,16,0
325,"2020-12-27 20:28:07","2020-12-27 20:28:07",67,16,0
326,"2020-12-27 20:28:07","2020-12-27 20:28:07",68,16,0
327,"2020-12-27 20:28:07","2020-12-27 20:28:07",69,16,0
328,"2020-12-27 20:28:07","2020-12-27 20:28:07",71,16,0
329,"2020-12-27 20:28:07","2020-12-27 20:28:07",75,16,0
330,"2020-12-27 20:28:07","2020-12-27 20:28:07",76,16,0
331,"2020-12-27 20:28:07","2020-12-27 20:28:07",77,16,0
332,"2020-12-27 20:28:07","2020-12-27 20:28:07",79,16,0
333,"2020-12-27 20:28:07","2020-12-27 20:28:07",80,16,0
334,"2020-12-27 20:28:07","2020-12-27 20:28:07",81,16,0
335,"2020-12-27 20:28:07","2020-12-27 20:28:07",88,16,0
336,"2020-12-27 20:28:07","2020-12-27 20:28:07",90,16,0
337,"2020-12-27 20:28:07","2020-12-27 20:28:07",91,16,0
338,"2020-12-27 20:28:07","2020-12-27 20:28:07",92,16,0
339,"2020-12-27 20:28:07","2020-12-27 20:28:07",97,16,0
340,"2020-12-27 20:28:07","2020-12-27 20:28:07",102,16,0
341,"2020-12-27 20:28:07","2020-12-27 20:28:07",107,16,0
342,"2020-12-27 20:28:07","2020-12-27 20:28:07",109,16,0
343,"2020-12-27 20:28:07","2020-12-27 20:28:07",110,16,0
344,"2020-12-27 20:28:07","2020-12-27 20:28:07",121,16,0
345,"2020-12-27 20:28:07","2020-12-27 20:28:07",123,16,0
346,"2020-12-27 20:28:07","2020-12-27 20:28:07",176,16,0
347,"2020-12-27 20:28:07","2020-12-27 20:28:07",177,16,0
348,"2020-12-27 20:28:07","2020-12-27 20:28:07",198,16,0
349,"2020-12-27 20:28:07","2020-12-27 20:28:07",199,16,0
350,"2020-12-27 20:28:08","2020-12-27 20:28:08",205,16,0
351,"2020-12-27 20:28:08","2020-12-27 20:28:08",206,16,0
352,"2020-12-27 20:28:08","2020-12-27 20:28:08",207,16,0
353,"2020-12-27 20:28:08","2020-12-27 20:28:08",208,16,0
354,"2020-12-27 20:28:08","2020-12-27 20:28:08",219,16,0
355,"2020-12-27 20:28:08","2020-12-27 20:28:08",221,16,0
356,"2020-12-27 20:28:08","2020-12-27 20:28:08",232,16,0
357,"2020-12-27 20:28:08","2020-12-27 20:28:08",233,16,0
358,"2020-12-27 20:28:08","2020-12-27 20:28:08",235,16,0
359,"2020-12-27 20:28:08","2020-12-27 20:28:08",236,16,0
360,"2020-12-27 20:28:08","2020-12-27 20:28:08",4,17,0
361,"2020-12-27 20:28:08","2020-12-27 20:28:08",13,17,0
362,"2020-12-27 20:28:08","2020-12-27 20:28:08",14,17,0
363,"2020-12-27 20:28:08","2020-12-27 20:28:08",15,17,0
364,"2020-12-27 20:28:08","2020-12-27 20:28:08",21,17,0
365,"2020-12-27 20:28:08","2020-12-27 20:28:08",23,17,0
366,"2020-12-27 20:28:08","2020-12-27 20:28:08",28,17,0
367,"2020-12-27 20:28:08","2020-12-27 20:28:08",37,17,0
368,"2020-12-27 20:28:08","2020-12-27 20:28:08",41,17,0
369,"2020-12-27 20:28:08","2020-12-27 20:28:08",43,17,0
370,"2020-12-27 20:28:08","2020-12-27 20:28:08",54,17,0
371,"2020-12-27 20:28:08","2020-12-27 20:28:08",55,17,0
372,"2020-12-27 20:28:08","2020-12-27 20:28:08",74,17,0
373,"2020-12-27 20:28:08","2020-12-27 20:28:08",82,17,0
374,"2020-12-27 20:28:08","2020-12-27 20:28:08",84,17,0
375,"2020-12-27 20:28:08","2020-12-27 20:28:08",109,17,0
376,"2020-12-27 20:28:08","2020-12-27 20:28:08",135,17,0
377,"2020-12-27 20:28:08","2020-12-27 20:28:08",136,17,0
378,"2020-12-27 20:28:08","2020-12-27 20:28:08",138,17,0
379,"2020-12-27 20:28:08","2020-12-27 20:28:08",139,17,0
380,"2020-12-27 20:28:08","2020-12-27 20:28:08",140,17,0
381,"2020-12-27 20:28:08","2020-12-27 20:28:08",150,17,0
382,"2020-12-27 20:28:08","2020-12-27 20:28:08",153,17,0
383,"2020-12-27 20:28:08","2020-12-27 20:28:08",156,17,0
384,"2020-12-27 20:28:08","2020-12-27 20:28:08",176,17,0
385,"2020-12-27 20:28:08","2020-12-27 20:28:08",196,17,0
386,"2020-12-27 20:28:08","2020-12-27 20:28:08",199,17,0
387,"2020-12-27 20:28:08","2020-12-27 20:28:08",5,18,0
388,"2020-12-27 20:28:08","2020-12-27 20:28:08",9,18,0
389,"2020-12-27 20:28:08","2020-12-27 20:28:08",12,18,0
390,"2020-12-27 20:28:08","2020-12-27 20:28:08",13,18,0
391,"2020-12-27 20:28:08","2020-12-27 20:28:08",14,18,0
392,"2020-12-27 20:28:08","2020-12-27 20:28:08",16,18,0
393,"2020-12-27 20:28:08","2020-12-27 20:28:08",23,18,0
394,"2020-12-27 20:28:08","2020-12-27 20:28:08",27,18,0
395,"2020-12-27 20:28:08","2020-12-27 20:28:08",37,18,0
396,"2020-12-27 20:28:08","2020-12-27 20:28:08",45,18,0
397,"2020-12-27 20:28:08","2020-12-27 20:28:08",48,18,0
398,"2020-12-27 20:28:08","2020-12-27 20:28:08",50,18,0
399,"2020-12-27 20:28:08","2020-12-27 20:28:08",69,18,0
400,"2020-12-27 20:28:08","2020-12-27 20:28:08",74,18,0
401,"2020-12-27 20:28:08","2020-12-27 20:28:08",75,18,0
402,"2020-12-27 20:28:08","2020-12-27 20:28:08",82,18,0
403,"2020-12-27 20:28:08","2020-12-27 20:28:08",107,18,0
404,"2020-12-27 20:28:08","2020-12-27 20:28:08",114,18,0
405,"2020-12-27 20:28:08","2020-12-27 20:28:08",116,18,0
406,"2020-12-27 20:28:08","2020-12-27 20:28:08",117,18,0
407,"2020-12-27 20:28:08","2020-12-27 20:28:08",133,18,0
408,"2020-12-27 20:28:08","2020-12-27 20:28:08",134,18,0
409,"2020-12-27 20:28:08","2020-12-27 20:28:08",138,18,0
410,"2020-12-27 20:28:08","2020-12-27 20:28:08",140,18,0
411,"2020-12-27 20:28:08","2020-12-27 20:28:08",196,18,0
412,"2020-12-27 20:28:08","2020-12-27 20:28:08",12,19,0
413,"2020-12-27 20:28:08","2020-12-27 20:28:08",13,19,0
414,"2020-12-27 20:28:08","2020-12-27 20:28:08",14,19,0
415,"2020-12-27 20:28:08","2020-12-27 20:28:08",16,19,0
416,"2020-12-27 20:28:08","2020-12-27 20:28:08",17,19,0
417,"2020-12-27 20:28:08","2020-12-27 20:28:08",21,19,0
418,"2020-12-27 20:28:08","2020-12-27 20:28:08",23,19,0
419,"2020-12-27 20:28:08","2020-12-27 20:28:08",30,19,0
420,"2020-12-27 20:28:08","2020-12-27 20:28:08",31,19,0
421,"2020-12-27 20:28:08","2020-12-27 20:28:08",43,19,0
422,"2020-12-27 20:28:08","2020-12-27 20:28:08",45,19,0
423,"2020-12-27 20:28:08","2020-12-27 20:28:08",52,19,0
424,"2020-12-27 20:28:08","2020-12-27 20:28:08",72,19,0
425,"2020-12-27 20:28:08","2020-12-27 20:28:08",74,19,0
426,"2020-12-27 20:28:08","2020-12-27 20:28:08",75,19,0
427,"2020-12-27 20:28:08","2020-12-27 20:28:08",76,19,0
428,"2020-12-27 20:28:08","2020-12-27 20:28:08",81,19,0
429,"2020-12-27 20:28:08","2020-12-27 20:28:08",84,19,0
430,"2020-12-27 20:28:08","2020-12-27 20:28:08",107,19,0
431,"2020-12-27 20:28:08","2020-12-27 20:28:08",153,19,0
432,"2020-12-27 20:28:08","2020-12-27 20:28:08",196,19,0
433,"2020-12-27 20:28:08","2020-12-27 20:28:08",12,20,0
434,"2020-12-27 20:28:08","2020-12-27 20:28:08",13,20,0
435,"2020-12-27 20:28:08","2020-12-27 20:28:08",14,20,0
436,"2020-12-27 20:28:08","2020-12-27 20:28:08",15,20,0
437,"2020-12-27 20:28:08","2020-12-27 20:28:08",16,20,0
438,"2020-12-27 20:28:08","2020-12-27 20:28:08",17,20,0
439,"2020-12-27 20:28:08","2020-12-27 20:28:08",19,20,0
440,"2020-12-27 20:28:08","2020-12-27 20:28:08",20,20,0
441,"2020-12-27 20:28:08","2020-12-27 20:28:08",21,20,0
442,"2020-12-27 20:28:08","2020-12-27 20:28:08",22,20,0
443,"2020-12-27 20:28:08","2020-12-27 20:28:08",23,20,0
444,"2020-12-27 20:28:08","2020-12-27 20:28:08",25,20,0
445,"2020-12-27 20:28:08","2020-12-27 20:28:08",26,20,0
446,"2020-12-27 20:28:08","2020-12-27 20:28:08",27,20,0
447,"2020-12-27 20:28:08","2020-12-27 20:28:08",31,20,0
448,"2020-12-27 20:28:08","2020-12-27 20:28:08",32,20,0
449,"2020-12-27 20:28:08","2020-12-27 20:28:08",42,20,0
450,"2020-12-27 20:28:08","2020-12-27 20:28:08",46,20,0
451,"2020-12-27 20:28:08","2020-12-27 20:28:08",47,20,0
452,"2020-12-27 20:28:08","2020-12-27 20:28:08",48,20,0
453,"2020-12-27 20:28:08","2020-12-27 20:28:08",52,20,0
454,"2020-12-27 20:28:08","2020-12-27 20:28:08",53,20,0
455,"2020-12-27 20:28:08","2020-12-27 20:28:08",56,20,0
456,"2020-12-27 20:28:08","2020-12-27 20:28:08",57,20,0
457,"2020-12-27 20:28:08","2020-12-27 20:28:08",59,20,0
458,"2020-12-27 20:28:08","2020-12-27 20:28:08",67,20,0
459,"2020-12-27 20:28:08","2020-12-27 20:28:08",68,20,0
460,"2020-12-27 20:28:08","2020-12-27 20:28:08",69,20,0
461,"2020-12-27 20:28:08","2020-12-27 20:28:08",70,20,0
462,"2020-12-27 20:28:08","2020-12-27 20:28:08",71,20,0
463,"2020-12-27 20:28:08","2020-12-27 20:28:08",73,20,0
464,"2020-12-27 20:28:08","2020-12-27 20:28:08",75,20,0
465,"2020-12-27 20:28:09","2020-12-27 20:28:09",76,20,0
466,"2020-12-27 20:28:09","2020-12-27 20:28:09",81,20,0
467,"2020-12-27 20:28:09","2020-12-27 20:28:09",88,20,0
468,"2020-12-27 20:28:09","2020-12-27 20:28:09",90,20,0
469,"2020-12-27 20:28:09","2020-12-27 20:28:09",91,20,0
470,"2020-12-27 20:28:09","2020-12-27 20:28:09",92,20,0
471,"2020-12-27 20:28:09","2020-12-27 20:28:09",94,20,0
472,"2020-12-27 20:28:09","2020-12-27 20:28:09",97,20,0
473,"2020-12-27 20:28:09","2020-12-27 20:28:09",102,20,0
474,"2020-12-27 20:28:09","2020-12-27 20:28:09",107,20,0
475,"2020-12-27 20:28:09","2020-12-27 20:28:09",109,20,0
476,"2020-12-27 20:28:09","2020-12-27 20:28:09",110,20,0
477,"2020-12-27 20:28:09","2020-12-27 20:28:09",114,20,0
478,"2020-12-27 20:28:09","2020-12-27 20:28:09",176,20,0
479,"2020-12-27 20:28:09","2020-12-27 20:28:09",177,20,0
480,"2020-12-27 20:28:09","2020-12-27 20:28:09",198,20,0
481,"2020-12-27 20:28:09","2020-12-27 20:28:09",199,20,0
482,"2020-12-27 20:28:09","2020-12-27 20:28:09",205,20,0
483,"2020-12-27 20:28:09","2020-12-27 20:28:09",206,20,0
484,"2020-12-27 20:28:09","2020-12-27 20:28:09",207,20,0
485,"2020-12-27 20:28:09","2020-12-27 20:28:09",208,20,0
486,"2020-12-27 20:28:09","2020-12-27 20:28:09",219,20,0
487,"2020-12-27 20:28:09","2020-12-27 20:28:09",8,21,0
488,"2020-12-27 20:28:09","2020-12-27 20:28:09",41,21,0
489,"2020-12-27 20:28:09","2020-12-27 20:28:09",43,21,0
490,"2020-12-27 20:28:09","2020-12-27 20:28:09",133,21,0
491,"2020-12-27 20:28:09","2020-12-27 20:28:09",138,21,0
492,"2020-12-27 20:28:09","2020-12-27 20:28:09",140,21,0
493,"2020-12-27 20:28:09","2020-12-27 20:28:09",41,22,0
494,"2020-12-27 20:28:09","2020-12-27 20:28:09",114,22,0
495,"2020-12-27 20:28:09","2020-12-27 20:28:09",138,22,0
496,"2020-12-27 20:28:09","2020-12-27 20:28:09",140,22,0
497,"2020-12-27 20:28:09","2020-12-27 20:28:09",5,23,0
498,"2020-12-27 20:28:09","2020-12-27 20:28:09",43,23,0
499,"2020-12-27 20:28:09","2020-12-27 20:28:09",114,23,0
500,"2020-12-27 20:28:09","2020-12-27 20:28:09",138,23,0
501,"2020-12-27 20:28:09","2020-12-27 20:28:09",140,23,0
502,"2020-12-27 20:28:09","2020-12-27 20:28:09",13,24,0
503,"2020-12-27 20:28:09","2020-12-27 20:28:09",14,24,0
504,"2020-12-27 20:28:09","2020-12-27 20:28:09",15,24,0
505,"2020-12-27 20:28:09","2020-12-27 20:28:09",16,24,0
506,"2020-12-27 20:28:09","2020-12-27 20:28:09",17,24,0
507,"2020-12-27 20:28:09","2020-12-27 20:28:09",19,24,0
508,"2020-12-27 20:28:09","2020-12-27 20:28:09",22,24,0
509,"2020-12-27 20:28:09","2020-12-27 20:28:09",23,24,0
510,"2020-12-27 20:28:09","2020-12-27 20:28:09",25,24,0
511,"2020-12-27 20:28:09","2020-12-27 20:28:09",26,24,0
512,"2020-12-27 20:28:09","2020-12-27 20:28:09",27,24,0
513,"2020-12-27 20:28:09","2020-12-27 20:28:09",31,24,0
514,"2020-12-27 20:28:09","2020-12-27 20:28:09",37,24,0
515,"2020-12-27 20:28:09","2020-12-27 20:28:09",41,24,0
516,"2020-12-27 20:28:09","2020-12-27 20:28:09",43,24,0
517,"2020-12-27 20:28:09","2020-12-27 20:28:09",46,24,0
518,"2020-12-27 20:28:09","2020-12-27 20:28:09",47,24,0
519,"2020-12-27 20:28:09","2020-12-27 20:28:09",48,24,0
520,"2020-12-27 20:28:09","2020-12-27 20:28:09",49,24,0
521,"2020-12-27 20:28:09","2020-12-27 20:28:09",52,24,0
522,"2020-12-27 20:28:09","2020-12-27 20:28:09",53,24,0
523,"2020-12-27 20:28:09","2020-12-27 20:28:09",57,24,0
524,"2020-12-27 20:28:09","2020-12-27 20:28:09",67,24,0
525,"2020-12-27 20:28:09","2020-12-27 20:28:09",68,24,0
526,"2020-12-27 20:28:09","2020-12-27 20:28:09",69,24,0
527,"2020-12-27 20:28:09","2020-12-27 20:28:09",71,24,0
528,"2020-12-27 20:28:09","2020-12-27 20:28:09",74,24,0
529,"2020-12-27 20:28:09","2020-12-27 20:28:09",75,24,0
530,"2020-12-27 20:28:09","2020-12-27 20:28:09",76,24,0
531,"2020-12-27 20:28:09","2020-12-27 20:28:09",79,24,0
532,"2020-12-27 20:28:09","2020-12-27 20:28:09",81,24,0
533,"2020-12-27 20:28:09","2020-12-27 20:28:09",82,24,0
534,"2020-12-27 20:28:09","2020-12-27 20:28:09",88,24,0
535,"2020-12-27 20:28:09","2020-12-27 20:28:09",90,24,0
536,"2020-12-27 20:28:09","2020-12-27 20:28:09",91,24,0
537,"2020-12-27 20:28:09","2020-12-27 20:28:09",92,24,0
538,"2020-12-27 20:28:09","2020-12-27 20:28:09",94,24,0
539,"2020-12-27 20:28:09","2020-12-27 20:28:09",97,24,0
540,"2020-12-27 20:28:09","2020-12-27 20:28:09",102,24,0
541,"2020-12-27 20:28:09","2020-12-27 20:28:09",107,24,0
542,"2020-12-27 20:28:09","2020-12-27 20:28:09",109,24,0
543,"2020-12-27 20:28:09","2020-12-27 20:28:09",110,24,0
544,"2020-12-27 20:28:09","2020-12-27 20:28:09",176,24,0
545,"2020-12-27 20:28:09","2020-12-27 20:28:09",177,24,0
546,"2020-12-27 20:28:09","2020-12-27 20:28:09",198,24,0
547,"2020-12-27 20:28:09","2020-12-27 20:28:09",199,24,0
548,"2020-12-27 20:28:09","2020-12-27 20:28:09",205,24,0
549,"2020-12-27 20:28:09","2020-12-27 20:28:09",207,24,0
550,"2020-12-27 20:28:09","2020-12-27 20:28:09",208,24,0
551,"2020-12-27 20:28:09","2020-12-27 20:28:09",219,24,0
552,"2020-12-27 20:28:09","2020-12-27 20:28:09",221,24,0
553,"2020-12-27 20:28:09","2020-12-27 20:28:09",9,25,0
554,"2020-12-27 20:28:09","2020-12-27 20:28:09",14,25,0
555,"2020-12-27 20:28:09","2020-12-27 20:28:09",17,25,0
556,"2020-12-27 20:28:09","2020-12-27 20:28:09",25,25,0
557,"2020-12-27 20:28:09","2020-12-27 20:28:09",31,25,0
558,"2020-12-27 20:28:09","2020-12-27 20:28:09",41,25,0
559,"2020-12-27 20:28:09","2020-12-27 20:28:09",75,25,0
560,"2020-12-27 20:28:09","2020-12-27 20:28:09",91,25,0
561,"2020-12-27 20:28:09","2020-12-27 20:28:09",141,25,0
562,"2020-12-27 20:28:09","2020-12-27 20:28:09",149,25,0
563,"2020-12-27 20:28:09","2020-12-27 20:28:09",13,26,0
564,"2020-12-27 20:28:09","2020-12-27 20:28:09",14,26,0
565,"2020-12-27 20:28:09","2020-12-27 20:28:09",16,26,0
566,"2020-12-27 20:28:09","2020-12-27 20:28:09",17,26,0
567,"2020-12-27 20:28:09","2020-12-27 20:28:09",23,26,0
568,"2020-12-27 20:28:09","2020-12-27 20:28:09",25,26,0
569,"2020-12-27 20:28:09","2020-12-27 20:28:09",31,26,0
570,"2020-12-27 20:28:09","2020-12-27 20:28:09",43,26,0
571,"2020-12-27 20:28:09","2020-12-27 20:28:09",70,26,0
572,"2020-12-27 20:28:09","2020-12-27 20:28:09",75,26,0
573,"2020-12-27 20:28:09","2020-12-27 20:28:09",81,26,0
574,"2020-12-27 20:28:09","2020-12-27 20:28:09",83,26,0
575,"2020-12-27 20:28:09","2020-12-27 20:28:09",90,26,0
576,"2020-12-27 20:28:09","2020-12-27 20:28:09",106,26,0
577,"2020-12-27 20:28:09","2020-12-27 20:28:09",107,26,0
578,"2020-12-27 20:28:09","2020-12-27 20:28:09",109,26,0
579,"2020-12-27 20:28:09","2020-12-27 20:28:09",138,26,0
580,"2020-12-27 20:28:09","2020-12-27 20:28:09",139,26,0
581,"2020-12-27 20:28:09","2020-12-27 20:28:09",140,26,0
582,"2020-12-27 20:28:09","2020-12-27 20:28:09",156,26,0
583,"2020-12-27 20:28:09","2020-12-27 20:28:09",12,27,0
584,"2020-12-27 20:28:09","2020-12-27 20:28:09",13,27,0
585,"2020-12-27 20:28:09","2020-12-27 20:28:09",14,27,0
586,"2020-12-27 20:28:09","2020-12-27 20:28:09",16,27,0
587,"2020-12-27 20:28:09","2020-12-27 20:28:09",17,27,0
588,"2020-12-27 20:28:09","2020-12-27 20:28:09",19,27,0
589,"2020-12-27 20:28:09","2020-12-27 20:28:09",22,27,0
590,"2020-12-27 20:28:09","2020-12-27 20:28:09",25,27,0
591,"2020-12-27 20:28:09","2020-12-27 20:28:09",26,27,0
592,"2020-12-27 20:28:10","2020-12-27 20:28:10",31,27,0
593,"2020-12-27 20:28:10","2020-12-27 20:28:10",43,27,0
594,"2020-12-27 20:28:10","2020-12-27 20:28:10",48,27,0
595,"2020-12-27 20:28:10","2020-12-27 20:28:10",52,27,0
596,"2020-12-27 20:28:10","2020-12-27 20:28:10",53,27,0
597,"2020-12-27 20:28:10","2020-12-27 20:28:10",68,27,0
598,"2020-12-27 20:28:10","2020-12-27 20:28:10",69,27,0
599,"2020-12-27 20:28:10","2020-12-27 20:28:10",71,27,0
600,"2020-12-27 20:28:10","2020-12-27 20:28:10",74,27,0
601,"2020-12-27 20:28:10","2020-12-27 20:28:10",75,27,0
602,"2020-12-27 20:28:10","2020-12-27 20:28:10",76,27,0
603,"2020-12-27 20:28:10","2020-12-27 20:28:10",79,27,0
604,"2020-12-27 20:28:10","2020-12-27 20:28:10",81,27,0
605,"2020-12-27 20:28:10","2020-12-27 20:28:10",82,27,0
606,"2020-12-27 20:28:10","2020-12-27 20:28:10",88,27,0
607,"2020-12-27 20:28:10","2020-12-27 20:28:10",90,27,0
608,"2020-12-27 20:28:10","2020-12-27 20:28:10",91,27,0
609,"2020-12-27 20:28:10","2020-12-27 20:28:10",92,27,0
610,"2020-12-27 20:28:10","2020-12-27 20:28:10",102,27,0
611,"2020-12-27 20:28:10","2020-12-27 20:28:10",107,27,0
612,"2020-12-27 20:28:10","2020-12-27 20:28:10",109,27,0
613,"2020-12-27 20:28:10","2020-12-27 20:28:10",114,27,0
614,"2020-12-27 20:28:10","2020-12-27 20:28:10",176,27,0
615,"2020-12-27 20:28:10","2020-12-27 20:28:10",198,27,0
616,"2020-12-27 20:28:10","2020-12-27 20:28:10",199,27,0
617,"2020-12-27 20:28:10","2020-12-27 20:28:10",205,27,0
618,"2020-12-27 20:28:10","2020-12-27 20:28:10",207,27,0
619,"2020-12-27 20:28:10","2020-12-27 20:28:10",208,27,0
620,"2020-12-27 20:28:10","2020-12-27 20:28:10",221,27,0
621,"2020-12-27 20:28:10","2020-12-27 20:28:10",235,27,0
622,"2020-12-27 20:28:10","2020-12-27 20:28:10",236,27,0
623,"2020-12-27 20:28:10","2020-12-27 20:28:10",239,27,0
624,"2020-12-27 20:28:10","2020-12-27 20:28:10",240,27,0
625,"2020-12-27 20:28:10","2020-12-27 20:28:10",244,27,0
626,"2020-12-27 20:28:10","2020-12-27 20:28:10",249,27,0
627,"2020-12-27 20:28:10","2020-12-27 20:28:10",263,27,0
628,"2020-12-27 20:28:10","2020-12-27 20:28:10",264,27,0
629,"2020-12-27 20:28:10","2020-12-27 20:28:10",21,28,0
630,"2020-12-27 20:28:10","2020-12-27 20:28:10",153,28,0
631,"2020-12-27 20:28:10","2020-12-27 20:28:10",197,28,0
632,"2020-12-27 20:28:10","2020-12-27 20:28:10",21,29,0
633,"2020-12-27 20:28:10","2020-12-27 20:28:10",43,29,0
634,"2020-12-27 20:28:10","2020-12-27 20:28:10",89,29,0
635,"2020-12-27 20:28:10","2020-12-27 20:28:10",138,29,0
636,"2020-12-27 20:28:10","2020-12-27 20:28:10",140,29,0
637,"2020-12-27 20:28:10","2020-12-27 20:28:10",2,30,0
638,"2020-12-27 20:28:10","2020-12-27 20:28:10",2,32,0
639,"2020-12-27 20:28:10","2020-12-27 20:28:10",2,33,0
640,"2020-12-27 20:28:10","2020-12-27 20:28:10",2,35,0
641,"2020-12-27 20:28:10","2020-12-27 20:28:10",52,36,0
642,"2020-12-27 20:28:10","2020-12-27 20:28:10",2,37,0
643,"2020-12-27 20:28:10","2020-12-27 20:28:10",2,38,0
644,"2020-12-27 20:28:10","2020-12-27 20:28:10",2,39,0
645,"2020-12-27 20:28:10","2020-12-27 20:28:10",10,40,0
646,"2020-12-27 20:28:10","2020-12-27 20:28:10",12,40,0
647,"2020-12-27 20:28:10","2020-12-27 20:28:10",52,41,0
648,"2020-12-27 20:28:10","2020-12-27 20:28:10",116,41,0
649,"2020-12-27 20:28:10","2020-12-27 20:28:10",75,42,0
650,"2020-12-27 20:28:10","2020-12-27 20:28:10",38,43,0
651,"2020-12-27 20:28:10","2020-12-27 20:28:10",70,43,0
652,"2020-12-27 20:28:10","2020-12-27 20:28:10",22,44,0
653,"2020-12-27 20:28:10","2020-12-27 20:28:10",59,44,0
654,"2020-12-27 20:28:11","2020-12-27 20:28:11",22,45,0
655,"2020-12-27 20:28:11","2020-12-27 20:28:11",36,46,0
656,"2020-12-27 20:28:11","2020-12-27 20:28:11",37,46,0
657,"2020-12-27 20:28:11","2020-12-27 20:28:11",41,46,0
658,"2020-12-27 20:28:11","2020-12-27 20:28:11",47,46,0
659,"2020-12-27 20:28:11","2020-12-27 20:28:11",50,46,0
660,"2020-12-27 20:28:11","2020-12-27 20:28:11",59,46,0
661,"2020-12-27 20:28:11","2020-12-27 20:28:11",75,46,0
662,"2020-12-27 20:28:11","2020-12-27 20:28:11",77,46,0
663,"2020-12-27 20:28:11","2020-12-27 20:28:11",81,46,0
664,"2020-12-27 20:28:11","2020-12-27 20:28:11",84,46,0
665,"2020-12-27 20:28:11","2020-12-27 20:28:11",13,47,0
666,"2020-12-27 20:28:11","2020-12-27 20:28:11",47,47,0
667,"2020-12-27 20:28:11","2020-12-27 20:28:11",59,47,0
668,"2020-12-27 20:28:11","2020-12-27 20:28:11",26,48,0
669,"2020-12-27 20:28:11","2020-12-27 20:28:11",35,48,0
670,"2020-12-27 20:28:11","2020-12-27 20:28:11",47,48,0
671,"2020-12-27 20:28:11","2020-12-27 20:28:11",59,48,0
672,"2020-12-27 20:28:11","2020-12-27 20:28:11",82,48,0
673,"2020-12-27 20:28:11","2020-12-27 20:28:11",14,49,0
674,"2020-12-27 20:28:11","2020-12-27 20:28:11",74,49,0
675,"2020-12-27 20:28:11","2020-12-27 20:28:11",28,50,0
676,"2020-12-27 20:28:11","2020-12-27 20:28:11",33,50,0
677,"2020-12-27 20:28:11","2020-12-27 20:28:11",95,50,0
678,"2020-12-27 20:28:11","2020-12-27 20:28:11",5,51,0
679,"2020-12-27 20:28:11","2020-12-27 20:28:11",10,51,0
680,"2020-12-27 20:28:11","2020-12-27 20:28:11",35,51,0
681,"2020-12-27 20:28:11","2020-12-27 20:28:11",43,51,0
682,"2020-12-27 20:28:11","2020-12-27 20:28:11",47,51,0
683,"2020-12-27 20:28:11","2020-12-27 20:28:11",59,51,0
684,"2020-12-27 20:28:11","2020-12-27 20:28:11",84,51,0
685,"2020-12-27 20:28:11","2020-12-27 20:28:11",69,52,0
686,"2020-12-27 20:28:11","2020-12-27 20:28:11",10,53,0
687,"2020-12-27 20:28:11","2020-12-27 20:28:11",43,53,0
688,"2020-12-27 20:28:11","2020-12-27 20:28:11",12,54,0
689,"2020-12-27 20:28:11","2020-12-27 20:28:11",34,54,0
690,"2020-12-27 20:28:11","2020-12-27 20:28:11",43,54,0
691,"2020-12-27 20:28:11","2020-12-27 20:28:11",47,54,0
692,"2020-12-27 20:28:11","2020-12-27 20:28:11",59,54,0
693,"2020-12-27 20:28:11","2020-12-27 20:28:11",98,54,0
694,"2020-12-27 20:28:11","2020-12-27 20:28:11",99,54,0
695,"2020-12-27 20:28:11","2020-12-27 20:28:11",115,54,0
696,"2020-12-27 20:28:11","2020-12-27 20:28:11",35,55,0
697,"2020-12-27 20:28:11","2020-12-27 20:28:11",22,56,0
698,"2020-12-27 20:28:11","2020-12-27 20:28:11",95,57,0
699,"2020-12-27 20:28:11","2020-12-27 20:28:11",117,58,0
700,"2020-12-27 20:28:11","2020-12-27 20:28:11",10,59,0
701,"2020-12-27 20:28:11","2020-12-27 20:28:11",15,59,0
702,"2020-12-27 20:28:11","2020-12-27 20:28:11",110,59,0
703,"2020-12-27 20:28:11","2020-12-27 20:28:11",28,60,0
704,"2020-12-27 20:28:11","2020-12-27 20:28:11",47,60,0
705,"2020-12-27 20:28:11","2020-12-27 20:28:11",27,61,0
706,"2020-12-27 20:28:11","2020-12-27 20:28:11",35,61,0
707,"2020-12-27 20:28:11","2020-12-27 20:28:11",77,61,0
708,"2020-12-27 20:28:11","2020-12-27 20:28:11",33,62,0
709,"2020-12-27 20:28:11","2020-12-27 20:28:11",75,62,0
710,"2020-12-27 20:28:11","2020-12-27 20:28:11",14,63,0
711,"2020-12-27 20:28:12","2020-12-27 20:28:12",28,64,0
712,"2020-12-27 20:28:12","2020-12-27 20:28:12",75,64,0
713,"2020-12-27 20:28:12","2020-12-27 20:28:12",95,64,0
714,"2020-12-27 20:28:12","2020-12-27 20:28:12",10,68,0
715,"2020-12-27 20:28:12","2020-12-27 20:28:12",28,69,0
716,"2020-12-27 20:28:12","2020-12-27 20:28:12",75,75,0
717,"2020-12-27 20:28:12","2020-12-27 20:28:12",12,76,0
718,"2020-12-27 20:28:12","2020-12-27 20:28:12",74,76,0
719,"2020-12-27 20:28:12","2020-12-27 20:28:12",28,77,0
720,"2020-12-27 20:28:12","2020-12-27 20:28:12",90,77,0
721,"2020-12-27 20:28:12","2020-12-27 20:28:12",28,78,0
722,"2020-12-27 20:28:12","2020-12-27 20:28:12",52,78,0
723,"2020-12-27 20:28:12","2020-12-27 20:28:12",74,78,0
724,"2020-12-27 20:28:12","2020-12-27 20:28:12",43,80,0
725,"2020-12-27 20:28:12","2020-12-27 20:28:12",52,80,0
726,"2020-12-27 20:28:12","2020-12-27 20:28:12",59,80,0
727,"2020-12-27 20:28:12","2020-12-27 20:28:12",74,80,0
728,"2020-12-27 20:28:12","2020-12-27 20:28:12",28,81,0
729,"2020-12-27 20:28:12","2020-12-27 20:28:12",52,81,0
730,"2020-12-27 20:28:12","2020-12-27 20:28:12",82,81,0
731,"2020-12-27 20:28:12","2020-12-27 20:28:12",28,82,0
732,"2020-12-27 20:28:12","2020-12-27 20:28:12",43,82,0
733,"2020-12-27 20:28:12","2020-12-27 20:28:12",82,82,0
734,"2020-12-27 20:28:12","2020-12-27 20:28:12",28,83,0
735,"2020-12-27 20:28:12","2020-12-27 20:28:12",43,83,0
736,"2020-12-27 20:28:12","2020-12-27 20:28:12",82,83,0
737,"2020-12-27 20:28:12","2020-12-27 20:28:12",28,84,0
738,"2020-12-27 20:28:12","2020-12-27 20:28:12",43,84,0
739,"2020-12-27 20:28:12","2020-12-27 20:28:12",74,84,0
740,"2020-12-27 20:28:12","2020-12-27 20:28:12",14,87,0
741,"2020-12-27 20:28:12","2020-12-27 20:28:12",59,87,0
742,"2020-12-27 20:28:13","2020-12-27 20:28:13",75,93,0
743,"2020-12-27 20:28:13","2020-12-27 20:28:13",19,95,0
744,"2020-12-27 20:28:13","2020-12-27 20:28:13",52,95,0
745,"2020-12-27 20:28:13","2020-12-27 20:28:13",75,95,0
746,"2020-12-27 20:28:13","2020-12-27 20:28:13",107,95,0
747,"2020-12-27 20:28:13","2020-12-27 20:28:13",14,96,0
748,"2020-12-27 20:28:13","2020-12-27 20:28:13",15,96,0
749,"2020-12-27 20:28:13","2020-12-27 20:28:13",16,96,0
750,"2020-12-27 20:28:13","2020-12-27 20:28:13",17,96,0
751,"2020-12-27 20:28:13","2020-12-27 20:28:13",31,96,0
752,"2020-12-27 20:28:13","2020-12-27 20:28:13",43,96,0
753,"2020-12-27 20:28:13","2020-12-27 20:28:13",59,96,0
754,"2020-12-27 20:28:13","2020-12-27 20:28:13",91,96,0
755,"2020-12-27 20:28:13","2020-12-27 20:28:13",24,97,0
756,"2020-12-27 20:28:13","2020-12-27 20:28:13",77,97,0
757,"2020-12-27 20:28:13","2020-12-27 20:28:13",14,98,0
758,"2020-12-27 20:28:13","2020-12-27 20:28:13",16,98,0
759,"2020-12-27 20:28:13","2020-12-27 20:28:13",17,98,0
760,"2020-12-27 20:28:13","2020-12-27 20:28:13",31,98,0
761,"2020-12-27 20:28:13","2020-12-27 20:28:13",43,98,0
762,"2020-12-27 20:28:13","2020-12-27 20:28:13",59,98,0
763,"2020-12-27 20:28:13","2020-12-27 20:28:13",91,98,0
764,"2020-12-27 20:28:13","2020-12-27 20:28:13",107,98,0
765,"2020-12-27 20:28:13","2020-12-27 20:28:13",24,99,0
766,"2020-12-27 20:28:13","2020-12-27 20:28:13",77,99,0
767,"2020-12-27 20:28:13","2020-12-27 20:28:13",75,100,0
768,"2020-12-27 20:28:13","2020-12-27 20:28:13",81,100,0
769,"2020-12-27 20:28:13","2020-12-27 20:28:13",107,100,0
770,"2020-12-27 20:28:13","2020-12-27 20:28:13",14,101,0
771,"2020-12-27 20:28:13","2020-12-27 20:28:13",16,101,0
772,"2020-12-27 20:28:13","2020-12-27 20:28:13",17,101,0
773,"2020-12-27 20:28:13","2020-12-27 20:28:13",31,101,0
774,"2020-12-27 20:28:13","2020-12-27 20:28:13",43,101,0
775,"2020-12-27 20:28:13","2020-12-27 20:28:13",59,101,0
776,"2020-12-27 20:28:13","2020-12-27 20:28:13",91,101,0
777,"2020-12-27 20:28:13","2020-12-27 20:28:13",59,102,0
778,"2020-12-27 20:28:13","2020-12-27 20:28:13",112,102,0
779,"2020-12-27 20:28:13","2020-12-27 20:28:13",19,103,0
780,"2020-12-27 20:28:13","2020-12-27 20:28:13",41,103,0
781,"2020-12-27 20:28:13","2020-12-27 20:28:13",43,103,0
782,"2020-12-27 20:28:13","2020-12-27 20:28:13",59,103,0
783,"2020-12-27 20:28:13","2020-12-27 20:28:13",69,103,0
784,"2020-12-27 20:28:13","2020-12-27 20:28:13",41,104,0
785,"2020-12-27 20:28:13","2020-12-27 20:28:13",43,104,0
786,"2020-12-27 20:28:13","2020-12-27 20:28:13",59,104,0
787,"2020-12-27 20:28:13","2020-12-27 20:28:13",75,104,0
788,"2020-12-27 20:28:13","2020-12-27 20:28:13",81,104,0
789,"2020-12-27 20:28:13","2020-12-27 20:28:13",91,104,0
790,"2020-12-27 20:28:13","2020-12-27 20:28:13",19,105,0
791,"2020-12-27 20:28:13","2020-12-27 20:28:13",41,105,0
792,"2020-12-27 20:28:13","2020-12-27 20:28:13",43,105,0
793,"2020-12-27 20:28:13","2020-12-27 20:28:13",59,105,0
794,"2020-12-27 20:28:13","2020-12-27 20:28:13",69,105,0
795,"2020-12-27 20:28:13","2020-12-27 20:28:13",28,106,0
796,"2020-12-27 20:28:13","2020-12-27 20:28:13",29,106,0
797,"2020-12-27 20:28:13","2020-12-27 20:28:13",74,106,0
798,"2020-12-27 20:28:13","2020-12-27 20:28:13",24,107,0
799,"2020-12-27 20:28:13","2020-12-27 20:28:13",77,107,0
800,"2020-12-27 20:28:13","2020-12-27 20:28:13",16,108,0
801,"2020-12-27 20:28:13","2020-12-27 20:28:13",17,108,0
802,"2020-12-27 20:28:13","2020-12-27 20:28:13",43,108,0
803,"2020-12-27 20:28:13","2020-12-27 20:28:13",59,108,0
804,"2020-12-27 20:28:13","2020-12-27 20:28:13",91,108,0
805,"2020-12-27 20:28:13","2020-12-27 20:28:13",41,109,0
806,"2020-12-27 20:28:13","2020-12-27 20:28:13",43,109,0
807,"2020-12-27 20:28:13","2020-12-27 20:28:13",59,109,0
808,"2020-12-27 20:28:13","2020-12-27 20:28:13",75,109,0
809,"2020-12-27 20:28:14","2020-12-27 20:28:14",81,109,0
810,"2020-12-27 20:28:14","2020-12-27 20:28:14",91,109,0
811,"2020-12-27 20:28:14","2020-12-27 20:28:14",14,110,0
812,"2020-12-27 20:28:14","2020-12-27 20:28:14",16,110,0
813,"2020-12-27 20:28:14","2020-12-27 20:28:14",17,110,0
814,"2020-12-27 20:28:14","2020-12-27 20:28:14",31,110,0
815,"2020-12-27 20:28:14","2020-12-27 20:28:14",41,110,0
816,"2020-12-27 20:28:14","2020-12-27 20:28:14",43,110,0
817,"2020-12-27 20:28:14","2020-12-27 20:28:14",59,110,0
818,"2020-12-27 20:28:14","2020-12-27 20:28:14",91,110,0
819,"2020-12-27 20:28:14","2020-12-27 20:28:14",14,111,0
820,"2020-12-27 20:28:14","2020-12-27 20:28:14",16,111,0
821,"2020-12-27 20:28:14","2020-12-27 20:28:14",17,111,0
822,"2020-12-27 20:28:14","2020-12-27 20:28:14",31,111,0
823,"2020-12-27 20:28:14","2020-12-27 20:28:14",41,111,0
824,"2020-12-27 20:28:14","2020-12-27 20:28:14",43,111,0
825,"2020-12-27 20:28:14","2020-12-27 20:28:14",59,111,0
826,"2020-12-27 20:28:14","2020-12-27 20:28:14",91,111,0
827,"2020-12-27 20:28:14","2020-12-27 20:28:14",41,112,0
828,"2020-12-27 20:28:14","2020-12-27 20:28:14",43,112,0
829,"2020-12-27 20:28:14","2020-12-27 20:28:14",59,112,0
830,"2020-12-27 20:28:14","2020-12-27 20:28:14",75,112,0
831,"2020-12-27 20:28:14","2020-12-27 20:28:14",81,112,0
832,"2020-12-27 20:28:14","2020-12-27 20:28:14",91,112,0
833,"2020-12-27 20:28:14","2020-12-27 20:28:14",43,113,0
834,"2020-12-27 20:28:14","2020-12-27 20:28:14",82,113,0
835,"2020-12-27 20:28:14","2020-12-27 20:28:14",43,114,0
836,"2020-12-27 20:28:14","2020-12-27 20:28:14",26,115,0
837,"2020-12-27 20:28:14","2020-12-27 20:28:14",28,115,0
838,"2020-12-27 20:28:14","2020-12-27 20:28:14",74,115,0
839,"2020-12-27 20:28:14","2020-12-27 20:28:14",82,115,0
840,"2020-12-27 20:28:14","2020-12-27 20:28:14",28,116,0
841,"2020-12-27 20:28:14","2020-12-27 20:28:14",95,116,0
842,"2020-12-27 20:28:14","2020-12-27 20:28:14",28,117,0
843,"2020-12-27 20:28:14","2020-12-27 20:28:14",43,117,0
844,"2020-12-27 20:28:14","2020-12-27 20:28:14",82,117,0
845,"2020-12-27 20:28:14","2020-12-27 20:28:14",26,118,0
846,"2020-12-27 20:28:14","2020-12-27 20:28:14",43,118,0
847,"2020-12-27 20:28:14","2020-12-27 20:28:14",95,119,0
848,"2020-12-27 20:28:14","2020-12-27 20:28:14",147,119,0
849,"2020-12-27 20:28:14","2020-12-27 20:28:14",14,120,0
850,"2020-12-27 20:28:14","2020-12-27 20:28:14",43,120,0
851,"2020-12-27 20:28:14","2020-12-27 20:28:14",75,121,0
852,"2020-12-27 20:28:14","2020-12-27 20:28:14",75,122,0
853,"2020-12-27 20:28:14","2020-12-27 20:28:14",59,123,0
854,"2020-12-27 20:28:14","2020-12-27 20:28:14",9,125,0
855,"2020-12-27 20:28:14","2020-12-27 20:28:14",10,125,0
856,"2020-12-27 20:28:14","2020-12-27 20:28:14",11,125,0
857,"2020-12-27 20:28:14","2020-12-27 20:28:14",19,125,0
858,"2020-12-27 20:28:14","2020-12-27 20:28:14",26,125,0
859,"2020-12-27 20:28:14","2020-12-27 20:28:14",29,125,0
860,"2020-12-27 20:28:14","2020-12-27 20:28:14",31,125,0
861,"2020-12-27 20:28:14","2020-12-27 20:28:14",34,125,0
862,"2020-12-27 20:28:14","2020-12-27 20:28:14",35,125,0
863,"2020-12-27 20:28:14","2020-12-27 20:28:14",36,125,0
864,"2020-12-27 20:28:14","2020-12-27 20:28:14",37,125,0
865,"2020-12-27 20:28:14","2020-12-27 20:28:14",38,125,0
866,"2020-12-27 20:28:14","2020-12-27 20:28:14",40,125,0
867,"2020-12-27 20:28:14","2020-12-27 20:28:14",41,125,0
868,"2020-12-27 20:28:14","2020-12-27 20:28:14",47,125,0
869,"2020-12-27 20:28:14","2020-12-27 20:28:14",50,125,0
870,"2020-12-27 20:28:14","2020-12-27 20:28:14",54,125,0
871,"2020-12-27 20:28:14","2020-12-27 20:28:14",59,125,0
872,"2020-12-27 20:28:14","2020-12-27 20:28:14",69,125,0
873,"2020-12-27 20:28:14","2020-12-27 20:28:14",75,125,0
874,"2020-12-27 20:28:14","2020-12-27 20:28:14",77,125,0
875,"2020-12-27 20:28:14","2020-12-27 20:28:14",81,125,0
876,"2020-12-27 20:28:14","2020-12-27 20:28:14",84,125,0
877,"2020-12-27 20:28:14","2020-12-27 20:28:14",85,125,0
878,"2020-12-27 20:28:14","2020-12-27 20:28:14",86,125,0
879,"2020-12-27 20:28:14","2020-12-27 20:28:14",91,125,0
880,"2020-12-27 20:28:14","2020-12-27 20:28:14",98,125,0
881,"2020-12-27 20:28:14","2020-12-27 20:28:14",99,125,0
882,"2020-12-27 20:28:14","2020-12-27 20:28:14",100,125,0
883,"2020-12-27 20:28:14","2020-12-27 20:28:14",105,125,0
884,"2020-12-27 20:28:14","2020-12-27 20:28:14",110,125,0
885,"2020-12-27 20:28:14","2020-12-27 20:28:14",119,125,0
886,"2020-12-27 20:28:14","2020-12-27 20:28:14",122,125,0
887,"2020-12-27 20:28:14","2020-12-27 20:28:14",123,125,0
888,"2020-12-27 20:28:14","2020-12-27 20:28:14",187,125,0
889,"2020-12-27 20:28:14","2020-12-27 20:28:14",9,126,0
890,"2020-12-27 20:28:14","2020-12-27 20:28:14",15,126,0
891,"2020-12-27 20:28:14","2020-12-27 20:28:14",29,126,0
892,"2020-12-27 20:28:14","2020-12-27 20:28:14",31,126,0
893,"2020-12-27 20:28:15","2020-12-27 20:28:15",34,126,0
894,"2020-12-27 20:28:15","2020-12-27 20:28:15",35,126,0
895,"2020-12-27 20:28:15","2020-12-27 20:28:15",36,126,0
896,"2020-12-27 20:28:15","2020-12-27 20:28:15",37,126,0
897,"2020-12-27 20:28:15","2020-12-27 20:28:15",38,126,0
898,"2020-12-27 20:28:15","2020-12-27 20:28:15",41,126,0
899,"2020-12-27 20:28:15","2020-12-27 20:28:15",47,126,0
900,"2020-12-27 20:28:15","2020-12-27 20:28:15",50,126,0
901,"2020-12-27 20:28:15","2020-12-27 20:28:15",54,126,0
902,"2020-12-27 20:28:15","2020-12-27 20:28:15",59,126,0
903,"2020-12-27 20:28:15","2020-12-27 20:28:15",75,126,0
904,"2020-12-27 20:28:15","2020-12-27 20:28:15",77,126,0
905,"2020-12-27 20:28:15","2020-12-27 20:28:15",78,126,0
906,"2020-12-27 20:28:15","2020-12-27 20:28:15",81,126,0
907,"2020-12-27 20:28:15","2020-12-27 20:28:15",84,126,0
908,"2020-12-27 20:28:15","2020-12-27 20:28:15",85,126,0
909,"2020-12-27 20:28:15","2020-12-27 20:28:15",86,126,0
910,"2020-12-27 20:28:15","2020-12-27 20:28:15",91,126,0
911,"2020-12-27 20:28:15","2020-12-27 20:28:15",93,126,0
912,"2020-12-27 20:28:15","2020-12-27 20:28:15",98,126,0
913,"2020-12-27 20:28:15","2020-12-27 20:28:15",99,126,0
914,"2020-12-27 20:28:15","2020-12-27 20:28:15",100,126,0
915,"2020-12-27 20:28:15","2020-12-27 20:28:15",105,126,0
916,"2020-12-27 20:28:15","2020-12-27 20:28:15",110,126,0
917,"2020-12-27 20:28:15","2020-12-27 20:28:15",119,126,0
918,"2020-12-27 20:28:15","2020-12-27 20:28:15",122,126,0
919,"2020-12-27 20:28:15","2020-12-27 20:28:15",123,126,0
920,"2020-12-27 20:28:15","2020-12-27 20:28:15",187,126,0
921,"2020-12-27 20:28:15","2020-12-27 20:28:15",59,128,0
922,"2020-12-27 20:28:15","2020-12-27 20:28:15",74,129,0
923,"2020-12-27 20:28:15","2020-12-27 20:28:15",74,130,0
924,"2020-12-27 20:28:15","2020-12-27 20:28:15",75,131,0
925,"2020-12-27 20:28:15","2020-12-27 20:28:15",19,132,0
926,"2020-12-27 20:28:15","2020-12-27 20:28:15",28,132,0
927,"2020-12-27 20:28:15","2020-12-27 20:28:15",43,132,0
928,"2020-12-27 20:28:15","2020-12-27 20:28:15",74,132,0
929,"2020-12-27 20:28:15","2020-12-27 20:28:15",76,132,0
930,"2020-12-27 20:28:15","2020-12-27 20:28:15",82,132,0
931,"2020-12-27 20:28:15","2020-12-27 20:28:15",85,132,0
932,"2020-12-27 20:28:15","2020-12-27 20:28:15",107,132,0
933,"2020-12-27 20:28:15","2020-12-27 20:28:15",187,132,0
934,"2020-12-27 20:28:15","2020-12-27 20:28:15",28,133,0
935,"2020-12-27 20:28:15","2020-12-27 20:28:15",43,133,0
936,"2020-12-27 20:28:15","2020-12-27 20:28:15",90,133,0
937,"2020-12-27 20:28:15","2020-12-27 20:28:15",75,139,0
938,"2020-12-27 20:28:15","2020-12-27 20:28:15",104,139,0
939,"2020-12-27 20:28:15","2020-12-27 20:28:15",75,140,0
940,"2020-12-27 20:28:15","2020-12-27 20:28:15",18,141,0
941,"2020-12-27 20:28:15","2020-12-27 20:28:15",28,141,0
942,"2020-12-27 20:28:15","2020-12-27 20:28:15",45,141,0
943,"2020-12-27 20:28:15","2020-12-27 20:28:15",95,141,0
944,"2020-12-27 20:28:15","2020-12-27 20:28:15",110,141,0
945,"2020-12-27 20:28:15","2020-12-27 20:28:15",27,142,0
946,"2020-12-27 20:28:15","2020-12-27 20:28:15",5,143,0
947,"2020-12-27 20:28:15","2020-12-27 20:28:15",43,143,0
948,"2020-12-27 20:28:15","2020-12-27 20:28:15",10,144,0
949,"2020-12-27 20:28:15","2020-12-27 20:28:15",16,144,0
950,"2020-12-27 20:28:15","2020-12-27 20:28:15",19,144,0
951,"2020-12-27 20:28:15","2020-12-27 20:28:15",24,144,0
952,"2020-12-27 20:28:15","2020-12-27 20:28:15",48,144,0
953,"2020-12-27 20:28:15","2020-12-27 20:28:15",49,144,0
954,"2020-12-27 20:28:15","2020-12-27 20:28:15",59,144,0
955,"2020-12-27 20:28:15","2020-12-27 20:28:15",75,144,0
956,"2020-12-27 20:28:15","2020-12-27 20:28:15",76,144,0
957,"2020-12-27 20:28:15","2020-12-27 20:28:15",81,144,0
958,"2020-12-27 20:28:15","2020-12-27 20:28:15",102,144,0
959,"2020-12-27 20:28:15","2020-12-27 20:28:15",107,144,0
960,"2020-12-27 20:28:15","2020-12-27 20:28:15",113,144,0
961,"2020-12-27 20:28:15","2020-12-27 20:28:15",2,145,0
962,"2020-12-27 20:28:16","2020-12-27 20:28:16",9,145,0
963,"2020-12-27 20:28:16","2020-12-27 20:28:16",10,145,0
964,"2020-12-27 20:28:16","2020-12-27 20:28:16",13,145,0
965,"2020-12-27 20:28:16","2020-12-27 20:28:16",14,145,0
966,"2020-12-27 20:28:16","2020-12-27 20:28:16",15,145,0
967,"2020-12-27 20:28:16","2020-12-27 20:28:16",16,145,0
968,"2020-12-27 20:28:16","2020-12-27 20:28:16",21,145,0
969,"2020-12-27 20:28:16","2020-12-27 20:28:16",24,145,0
970,"2020-12-27 20:28:16","2020-12-27 20:28:16",36,145,0
971,"2020-12-27 20:28:16","2020-12-27 20:28:16",37,145,0
972,"2020-12-27 20:28:16","2020-12-27 20:28:16",40,145,0
973,"2020-12-27 20:28:16","2020-12-27 20:28:16",41,145,0
974,"2020-12-27 20:28:16","2020-12-27 20:28:16",43,145,0
975,"2020-12-27 20:28:16","2020-12-27 20:28:16",47,145,0
976,"2020-12-27 20:28:16","2020-12-27 20:28:16",49,145,0
977,"2020-12-27 20:28:16","2020-12-27 20:28:16",50,145,0
978,"2020-12-27 20:28:16","2020-12-27 20:28:16",54,145,0
979,"2020-12-27 20:28:16","2020-12-27 20:28:16",59,145,0
980,"2020-12-27 20:28:16","2020-12-27 20:28:16",60,145,0
981,"2020-12-27 20:28:16","2020-12-27 20:28:16",61,145,0
982,"2020-12-27 20:28:16","2020-12-27 20:28:16",64,145,0
983,"2020-12-27 20:28:16","2020-12-27 20:28:16",72,145,0
984,"2020-12-27 20:28:16","2020-12-27 20:28:16",74,145,0
985,"2020-12-27 20:28:16","2020-12-27 20:28:16",75,145,0
986,"2020-12-27 20:28:16","2020-12-27 20:28:16",77,145,0
987,"2020-12-27 20:28:16","2020-12-27 20:28:16",82,145,0
988,"2020-12-27 20:28:16","2020-12-27 20:28:16",83,145,0
989,"2020-12-27 20:28:16","2020-12-27 20:28:16",84,145,0
990,"2020-12-27 20:28:16","2020-12-27 20:28:16",87,145,0
991,"2020-12-27 20:28:16","2020-12-27 20:28:16",93,145,0
992,"2020-12-27 20:28:16","2020-12-27 20:28:16",110,145,0
993,"2020-12-27 20:28:16","2020-12-27 20:28:16",112,145,0
994,"2020-12-27 20:28:16","2020-12-27 20:28:16",113,145,0
995,"2020-12-27 20:28:16","2020-12-27 20:28:16",43,146,0
996,"2020-12-27 20:28:16","2020-12-27 20:28:16",86,146,0
997,"2020-12-27 20:28:16","2020-12-27 20:28:16",19,147,0
998,"2020-12-27 20:28:16","2020-12-27 20:28:16",28,147,0
999,"2020-12-27 20:28:16","2020-12-27 20:28:16",75,147,0
1000,"2020-12-27 20:28:16","2020-12-27 20:28:16",19,148,0
